INSERT INTO recipe(id, name, people) VALUES(1, 'Baked Omelet With Broccoli & Tomato', 4);
INSERT INTO ingredient(id, name) VALUES(1, 'milk');
INSERT INTO ingredient(id, name) VALUES(2, 'cottage cheese');
INSERT INTO ingredient(id, name) VALUES(3, 'broccoli');
INSERT INTO ingredient(id, name) VALUES(4, 'cheddar cheese');
INSERT INTO ingredient(id, name) VALUES(5, 'basil');
INSERT INTO ingredient(id, name) VALUES(6, 'onion powder');
INSERT INTO ingredient(id, name) VALUES(7, 'eggs');
INSERT INTO ingredient(id, name) VALUES(8, 'garlic powder');
INSERT INTO ingredient(id, name) VALUES(9, 'roma tomato');
INSERT INTO ingredient(id, name) VALUES(10, 'salt');
INSERT INTO ingredient_list(id,recipe_id, ingredient_id, amount) VALUES(1,1, 1, 14);
INSERT INTO ingredient_list(id,recipe_id, ingredient_id, amount) VALUES(2,1, 2, 8);
INSERT INTO ingredient_list(id,recipe_id, ingredient_id, amount) VALUES(3,1, 3, 9);
INSERT INTO ingredient_list(id,recipe_id, ingredient_id, amount) VALUES(4,1, 4, 19);
INSERT INTO ingredient_list(id,recipe_id, ingredient_id, amount) VALUES(5,1, 5, 2);
INSERT INTO ingredient_list(id,recipe_id, ingredient_id, amount) VALUES(6,1, 6, 8);
INSERT INTO ingredient_list(id,recipe_id, ingredient_id, amount) VALUES(7,1, 7, 13);
INSERT INTO ingredient_list(id,recipe_id, ingredient_id, amount) VALUES(8,1, 8, 8);
INSERT INTO ingredient_list(id,recipe_id, ingredient_id, amount) VALUES(9,1, 9, 20);
INSERT INTO ingredient_list(id,recipe_id, ingredient_id, amount) VALUES(10,1, 10, 19);
INSERT INTO recipe(id, name, people) VALUES(2, 'Mild Curry Omelet', 3);
INSERT INTO ingredient(id, name) VALUES(11, 'coriander');
INSERT INTO ingredient(id, name) VALUES(12, 'cumin');
INSERT INTO ingredient(id, name) VALUES(13, 'garlic');
INSERT INTO ingredient(id, name) VALUES(14, 'green onion');
INSERT INTO ingredient(id, name) VALUES(15, 'vegetable oil');
INSERT INTO ingredient(id, name) VALUES(16, 'onions');
INSERT INTO ingredient(id, name) VALUES(17, 'red pepper');
INSERT INTO ingredient(id, name) VALUES(18, 'turmeric');
INSERT INTO ingredient_list(id,recipe_id, ingredient_id, amount) VALUES(11,2, 11, 4);
INSERT INTO ingredient_list(id,recipe_id, ingredient_id, amount) VALUES(12,2, 12, 19);
INSERT INTO ingredient_list(id,recipe_id, ingredient_id, amount) VALUES(13,2, 7, 11);
INSERT INTO ingredient_list(id,recipe_id, ingredient_id, amount) VALUES(14,2, 13, 8);
INSERT INTO ingredient_list(id,recipe_id, ingredient_id, amount) VALUES(15,2, 14, 15);
INSERT INTO ingredient_list(id,recipe_id, ingredient_id, amount) VALUES(16,2, 15, 11);
INSERT INTO ingredient_list(id,recipe_id, ingredient_id, amount) VALUES(17,2, 16, 1);
INSERT INTO ingredient_list(id,recipe_id, ingredient_id, amount) VALUES(18,2, 17, 5);
INSERT INTO ingredient_list(id,recipe_id, ingredient_id, amount) VALUES(19,2, 10, 18);
INSERT INTO ingredient_list(id,recipe_id, ingredient_id, amount) VALUES(20,2, 18, 9);
INSERT INTO recipe(id, name, people) VALUES(3, 'Light Italian Feta Omelet', 3);
INSERT INTO ingredient(id, name) VALUES(19, 'egg substitute');
INSERT INTO ingredient(id, name) VALUES(20, 'feta cheese');
INSERT INTO ingredient_list(id,recipe_id, ingredient_id, amount) VALUES(21,3, 19, 2);
INSERT INTO ingredient_list(id,recipe_id, ingredient_id, amount) VALUES(22,3, 20, 11);
INSERT INTO ingredient_list(id,recipe_id, ingredient_id, amount) VALUES(23,3, 5, 11);
INSERT INTO ingredient_list(id,recipe_id, ingredient_id, amount) VALUES(24,3, 9, 8);
INSERT INTO ingredient_list(id,recipe_id, ingredient_id, amount) VALUES(25,3, 10, 6);
INSERT INTO recipe(id, name, people) VALUES(4, 'Awesome Cajun Omelet', 3);
INSERT INTO ingredient(id, name) VALUES(21, 'bacon');
INSERT INTO ingredient(id, name) VALUES(22, 'butter');
INSERT INTO ingredient(id, name) VALUES(23, 'cajun seasoning');
INSERT INTO ingredient(id, name) VALUES(24, 'heavy cream');
INSERT INTO ingredient(id, name) VALUES(25, 'salsa');
INSERT INTO ingredient(id, name) VALUES(26, 'marsala wine');
INSERT INTO ingredient(id, name) VALUES(27, 'tomato');
INSERT INTO ingredient(id, name) VALUES(28, 'white mushroom');
INSERT INTO ingredient_list(id,recipe_id, ingredient_id, amount) VALUES(26,4, 21, 12);
INSERT INTO ingredient_list(id,recipe_id, ingredient_id, amount) VALUES(27,4, 22, 1);
INSERT INTO ingredient_list(id,recipe_id, ingredient_id, amount) VALUES(28,4, 23, 13);
INSERT INTO ingredient_list(id,recipe_id, ingredient_id, amount) VALUES(29,4, 4, 12);
INSERT INTO ingredient_list(id,recipe_id, ingredient_id, amount) VALUES(30,4, 7, 4);
INSERT INTO ingredient_list(id,recipe_id, ingredient_id, amount) VALUES(31,4, 24, 15);
INSERT INTO ingredient_list(id,recipe_id, ingredient_id, amount) VALUES(32,4, 25, 3);
INSERT INTO ingredient_list(id,recipe_id, ingredient_id, amount) VALUES(33,4, 26, 4);
INSERT INTO ingredient_list(id,recipe_id, ingredient_id, amount) VALUES(34,4, 27, 7);
INSERT INTO ingredient_list(id,recipe_id, ingredient_id, amount) VALUES(35,4, 28, 20);
INSERT INTO ingredient_list(id,recipe_id, ingredient_id, amount) VALUES(36,4, 16, 16);
INSERT INTO recipe(id, name, people) VALUES(5, 'Easy Home Made Pasta Dough Recipe', 3);
INSERT INTO ingredient(id, name) VALUES(29, 'flour');
INSERT INTO ingredient(id, name) VALUES(30, 'olive oil');
INSERT INTO ingredient(id, name) VALUES(31, 'water');
INSERT INTO ingredient(id, name) VALUES(32, 'baking powder');
INSERT INTO ingredient(id, name) VALUES(33, 'pasta dough');
INSERT INTO ingredient_list(id,recipe_id, ingredient_id, amount) VALUES(37,5, 7, 3);
INSERT INTO ingredient_list(id,recipe_id, ingredient_id, amount) VALUES(38,5, 29, 6);
INSERT INTO ingredient_list(id,recipe_id, ingredient_id, amount) VALUES(39,5, 30, 8);
INSERT INTO ingredient_list(id,recipe_id, ingredient_id, amount) VALUES(40,5, 31, 2);
INSERT INTO ingredient_list(id,recipe_id, ingredient_id, amount) VALUES(41,5, 32, 10);
INSERT INTO ingredient_list(id,recipe_id, ingredient_id, amount) VALUES(42,5, 33, 16);
INSERT INTO recipe(id, name, people) VALUES(6, 'Fresh Pasta - Basic Pasta Dough Recipe', 3);
INSERT INTO ingredient(id, name) VALUES(34, 'wheat');
INSERT INTO ingredient_list(id,recipe_id, ingredient_id, amount) VALUES(43,6, 7, 14);
INSERT INTO ingredient_list(id,recipe_id, ingredient_id, amount) VALUES(44,6, 34, 14);
INSERT INTO recipe(id, name, people) VALUES(7, 'Filomena''s Pasta Fresca', 4);
INSERT INTO ingredient_list(id,recipe_id, ingredient_id, amount) VALUES(45,7, 7, 10);
INSERT INTO ingredient_list(id,recipe_id, ingredient_id, amount) VALUES(46,7, 29, 8);
INSERT INTO recipe(id, name, people) VALUES(8, 'Pasta Fazool (Pasta and Beans With Sausage)', 4);
INSERT INTO ingredient(id, name) VALUES(35, 'cayenne');
INSERT INTO ingredient(id, name) VALUES(36, 'oregano');
INSERT INTO ingredient(id, name) VALUES(37, 'thyme');
INSERT INTO ingredient(id, name) VALUES(38, 'parsley');
INSERT INTO ingredient(id, name) VALUES(39, 'ground beef');
INSERT INTO ingredient(id, name) VALUES(40, 'black pepper');
INSERT INTO ingredient(id, name) VALUES(41, 'sausage');
INSERT INTO ingredient(id, name) VALUES(42, 'kidney bean');
INSERT INTO ingredient(id, name) VALUES(43, 'parmesan cheese');
INSERT INTO ingredient(id, name) VALUES(44, 'penne');
INSERT INTO ingredient(id, name) VALUES(45, 'provolone cheese');
INSERT INTO ingredient(id, name) VALUES(46, 'tomato paste');
INSERT INTO ingredient_list(id,recipe_id, ingredient_id, amount) VALUES(47,8, 35, 14);
INSERT INTO ingredient_list(id,recipe_id, ingredient_id, amount) VALUES(48,8, 36, 17);
INSERT INTO ingredient_list(id,recipe_id, ingredient_id, amount) VALUES(49,8, 37, 3);
INSERT INTO ingredient_list(id,recipe_id, ingredient_id, amount) VALUES(50,8, 38, 1);
INSERT INTO ingredient_list(id,recipe_id, ingredient_id, amount) VALUES(51,8, 13, 6);
INSERT INTO ingredient_list(id,recipe_id, ingredient_id, amount) VALUES(52,8, 39, 4);
INSERT INTO ingredient_list(id,recipe_id, ingredient_id, amount) VALUES(53,8, 40, 8);
INSERT INTO ingredient_list(id,recipe_id, ingredient_id, amount) VALUES(54,8, 41, 16);
INSERT INTO ingredient_list(id,recipe_id, ingredient_id, amount) VALUES(55,8, 42, 2);
INSERT INTO ingredient_list(id,recipe_id, ingredient_id, amount) VALUES(56,8, 16, 12);
INSERT INTO ingredient_list(id,recipe_id, ingredient_id, amount) VALUES(57,8, 43, 17);
INSERT INTO ingredient_list(id,recipe_id, ingredient_id, amount) VALUES(58,8, 44, 9);
INSERT INTO ingredient_list(id,recipe_id, ingredient_id, amount) VALUES(59,8, 27, 5);
INSERT INTO ingredient_list(id,recipe_id, ingredient_id, amount) VALUES(60,8, 45, 10);
INSERT INTO ingredient_list(id,recipe_id, ingredient_id, amount) VALUES(61,8, 10, 9);
INSERT INTO ingredient_list(id,recipe_id, ingredient_id, amount) VALUES(62,8, 46, 16);
INSERT INTO recipe(id, name, people) VALUES(9, 'Ginger Champagne', 2);
INSERT INTO ingredient(id, name) VALUES(47, 'champagne');
INSERT INTO ingredient(id, name) VALUES(48, 'ginger');
INSERT INTO ingredient(id, name) VALUES(49, 'ice');
INSERT INTO ingredient(id, name) VALUES(50, 'vodka');
INSERT INTO ingredient_list(id,recipe_id, ingredient_id, amount) VALUES(63,9, 47, 13);
INSERT INTO ingredient_list(id,recipe_id, ingredient_id, amount) VALUES(64,9, 48, 10);
INSERT INTO ingredient_list(id,recipe_id, ingredient_id, amount) VALUES(65,9, 49, 17);
INSERT INTO ingredient_list(id,recipe_id, ingredient_id, amount) VALUES(66,9, 50, 7);
INSERT INTO recipe(id, name, people) VALUES(10, 'Potato and Cheese Frittata', 4);
INSERT INTO ingredient(id, name) VALUES(51, 'potato');
INSERT INTO ingredient_list(id,recipe_id, ingredient_id, amount) VALUES(67,10, 4, 5);
INSERT INTO ingredient_list(id,recipe_id, ingredient_id, amount) VALUES(68,10, 7, 0);
INSERT INTO ingredient_list(id,recipe_id, ingredient_id, amount) VALUES(69,10, 30, 7);
INSERT INTO ingredient_list(id,recipe_id, ingredient_id, amount) VALUES(70,10, 16, 3);
INSERT INTO ingredient_list(id,recipe_id, ingredient_id, amount) VALUES(71,10, 51, 16);
INSERT INTO ingredient_list(id,recipe_id, ingredient_id, amount) VALUES(72,10, 10, 2);
INSERT INTO recipe(id, name, people) VALUES(11, 'Eggnog Thumbprints', 3);
INSERT INTO ingredient(id, name) VALUES(52, 'brown sugar');
INSERT INTO ingredient(id, name) VALUES(53, 'powdered sugar');
INSERT INTO ingredient(id, name) VALUES(54, 'nutmeg');
INSERT INTO ingredient(id, name) VALUES(55, 'rum');
INSERT INTO ingredient(id, name) VALUES(56, 'vanilla extract');
INSERT INTO ingredient(id, name) VALUES(57, 'sugar');
INSERT INTO ingredient_list(id,recipe_id, ingredient_id, amount) VALUES(73,11, 52, 11);
INSERT INTO ingredient_list(id,recipe_id, ingredient_id, amount) VALUES(74,11, 22, 9);
INSERT INTO ingredient_list(id,recipe_id, ingredient_id, amount) VALUES(75,11, 53, 1);
INSERT INTO ingredient_list(id,recipe_id, ingredient_id, amount) VALUES(76,11, 7, 9);
INSERT INTO ingredient_list(id,recipe_id, ingredient_id, amount) VALUES(77,11, 29, 12);
INSERT INTO ingredient_list(id,recipe_id, ingredient_id, amount) VALUES(78,11, 54, 4);
INSERT INTO ingredient_list(id,recipe_id, ingredient_id, amount) VALUES(79,11, 55, 16);
INSERT INTO ingredient_list(id,recipe_id, ingredient_id, amount) VALUES(80,11, 10, 10);
INSERT INTO ingredient_list(id,recipe_id, ingredient_id, amount) VALUES(81,11, 56, 15);
INSERT INTO ingredient_list(id,recipe_id, ingredient_id, amount) VALUES(82,11, 57, 7);
INSERT INTO recipe(id, name, people) VALUES(12, 'Succulent Pork Roast', 3);
INSERT INTO ingredient(id, name) VALUES(58, 'pork chops');
INSERT INTO ingredient_list(id,recipe_id, ingredient_id, amount) VALUES(83,12, 52, 18);
INSERT INTO ingredient_list(id,recipe_id, ingredient_id, amount) VALUES(84,12, 13, 8);
INSERT INTO ingredient_list(id,recipe_id, ingredient_id, amount) VALUES(85,12, 58, 2);
INSERT INTO ingredient_list(id,recipe_id, ingredient_id, amount) VALUES(86,12, 31, 1);
INSERT INTO recipe(id, name, people) VALUES(13, 'Amazing Taco Seasoning', 3);
INSERT INTO ingredient(id, name) VALUES(59, 'chili powder');
INSERT INTO ingredient(id, name) VALUES(60, 'paprika');
INSERT INTO ingredient_list(id,recipe_id, ingredient_id, amount) VALUES(87,13, 35, 3);
INSERT INTO ingredient_list(id,recipe_id, ingredient_id, amount) VALUES(88,13, 59, 4);
INSERT INTO ingredient_list(id,recipe_id, ingredient_id, amount) VALUES(89,13, 12, 19);
INSERT INTO ingredient_list(id,recipe_id, ingredient_id, amount) VALUES(90,13, 6, 12);
INSERT INTO ingredient_list(id,recipe_id, ingredient_id, amount) VALUES(91,13, 29, 16);
INSERT INTO ingredient_list(id,recipe_id, ingredient_id, amount) VALUES(92,13, 8, 3);
INSERT INTO ingredient_list(id,recipe_id, ingredient_id, amount) VALUES(93,13, 36, 11);
INSERT INTO ingredient_list(id,recipe_id, ingredient_id, amount) VALUES(94,13, 60, 17);
INSERT INTO ingredient_list(id,recipe_id, ingredient_id, amount) VALUES(95,13, 10, 5);
INSERT INTO ingredient_list(id,recipe_id, ingredient_id, amount) VALUES(96,13, 57, 7);
INSERT INTO recipe(id, name, people) VALUES(14, 'Taco Bell Fire Sauce Clone Recipe', 3);
INSERT INTO ingredient(id, name) VALUES(61, 'chilli');
INSERT INTO ingredient(id, name) VALUES(62, 'garlic salt');
INSERT INTO ingredient(id, name) VALUES(63, 'white wine vinegar');
INSERT INTO ingredient_list(id,recipe_id, ingredient_id, amount) VALUES(97,14, 35, 15);
INSERT INTO ingredient_list(id,recipe_id, ingredient_id, amount) VALUES(98,14, 59, 17);
INSERT INTO ingredient_list(id,recipe_id, ingredient_id, amount) VALUES(99,14, 61, 5);
INSERT INTO ingredient_list(id,recipe_id, ingredient_id, amount) VALUES(100,14, 12, 0);
INSERT INTO ingredient_list(id,recipe_id, ingredient_id, amount) VALUES(101,14, 8, 1);
INSERT INTO ingredient_list(id,recipe_id, ingredient_id, amount) VALUES(102,14, 62, 17);
INSERT INTO ingredient_list(id,recipe_id, ingredient_id, amount) VALUES(103,14, 16, 4);
INSERT INTO ingredient_list(id,recipe_id, ingredient_id, amount) VALUES(104,14, 60, 9);
INSERT INTO ingredient_list(id,recipe_id, ingredient_id, amount) VALUES(105,14, 17, 15);
INSERT INTO ingredient_list(id,recipe_id, ingredient_id, amount) VALUES(106,14, 57, 19);
INSERT INTO ingredient_list(id,recipe_id, ingredient_id, amount) VALUES(107,14, 27, 11);
INSERT INTO ingredient_list(id,recipe_id, ingredient_id, amount) VALUES(108,14, 63, 17);
INSERT INTO recipe(id, name, people) VALUES(15, 'Catalina ''Taco'' Salad', 4);
INSERT INTO ingredient(id, name) VALUES(64, 'salad dressing');
INSERT INTO ingredient(id, name) VALUES(65, 'lettuce');
INSERT INTO ingredient(id, name) VALUES(66, 'tortilla chips');
INSERT INTO ingredient_list(id,recipe_id, ingredient_id, amount) VALUES(109,15, 64, 3);
INSERT INTO ingredient_list(id,recipe_id, ingredient_id, amount) VALUES(110,15, 4, 13);
INSERT INTO ingredient_list(id,recipe_id, ingredient_id, amount) VALUES(111,15, 39, 12);
INSERT INTO ingredient_list(id,recipe_id, ingredient_id, amount) VALUES(112,15, 65, 5);
INSERT INTO ingredient_list(id,recipe_id, ingredient_id, amount) VALUES(113,15, 16, 10);
INSERT INTO ingredient_list(id,recipe_id, ingredient_id, amount) VALUES(114,15, 66, 11);
INSERT INTO recipe(id, name, people) VALUES(16, 'The Taco Rack Grilled Tuna Tacos Recipe', 3);
INSERT INTO ingredient(id, name) VALUES(67, 'chili sauce');
INSERT INTO ingredient(id, name) VALUES(68, 'avocado');
INSERT INTO ingredient(id, name) VALUES(69, 'carrot');
INSERT INTO ingredient(id, name) VALUES(70, 'cucumber');
INSERT INTO ingredient(id, name) VALUES(71, 'daikon radish');
INSERT INTO ingredient(id, name) VALUES(72, 'lemon');
INSERT INTO ingredient(id, name) VALUES(73, 'mango');
INSERT INTO ingredient(id, name) VALUES(74, 'red onions');
INSERT INTO ingredient(id, name) VALUES(75, 'soy sauce');
INSERT INTO ingredient(id, name) VALUES(76, 'taco shells');
INSERT INTO ingredient(id, name) VALUES(77, 'lime juice');
INSERT INTO ingredient(id, name) VALUES(78, 'cracked black pepper');
INSERT INTO ingredient(id, name) VALUES(79, 'sesame seed');
INSERT INTO ingredient(id, name) VALUES(80, 'kosher salt');
INSERT INTO ingredient(id, name) VALUES(81, 'cilantro');
INSERT INTO ingredient(id, name) VALUES(82, 'thai basil');
INSERT INTO ingredient(id, name) VALUES(83, 'salad greens');
INSERT INTO ingredient(id, name) VALUES(84, 'tuna');
INSERT INTO ingredient(id, name) VALUES(85, 'watercress');
INSERT INTO ingredient(id, name) VALUES(86, 'steak');
INSERT INTO ingredient_list(id,recipe_id, ingredient_id, amount) VALUES(115,16, 67, 7);
INSERT INTO ingredient_list(id,recipe_id, ingredient_id, amount) VALUES(116,16, 68, 1);
INSERT INTO ingredient_list(id,recipe_id, ingredient_id, amount) VALUES(117,16, 69, 6);
INSERT INTO ingredient_list(id,recipe_id, ingredient_id, amount) VALUES(118,16, 70, 1);
INSERT INTO ingredient_list(id,recipe_id, ingredient_id, amount) VALUES(119,16, 71, 13);
INSERT INTO ingredient_list(id,recipe_id, ingredient_id, amount) VALUES(120,16, 48, 16);
INSERT INTO ingredient_list(id,recipe_id, ingredient_id, amount) VALUES(121,16, 72, 2);
INSERT INTO ingredient_list(id,recipe_id, ingredient_id, amount) VALUES(122,16, 73, 9);
INSERT INTO ingredient_list(id,recipe_id, ingredient_id, amount) VALUES(123,16, 74, 4);
INSERT INTO ingredient_list(id,recipe_id, ingredient_id, amount) VALUES(124,16, 10, 5);
INSERT INTO ingredient_list(id,recipe_id, ingredient_id, amount) VALUES(125,16, 75, 19);
INSERT INTO ingredient_list(id,recipe_id, ingredient_id, amount) VALUES(126,16, 76, 14);
INSERT INTO ingredient_list(id,recipe_id, ingredient_id, amount) VALUES(127,16, 77, 15);
INSERT INTO ingredient_list(id,recipe_id, ingredient_id, amount) VALUES(128,16, 30, 18);
INSERT INTO ingredient_list(id,recipe_id, ingredient_id, amount) VALUES(129,16, 78, 0);
INSERT INTO ingredient_list(id,recipe_id, ingredient_id, amount) VALUES(130,16, 79, 1);
INSERT INTO ingredient_list(id,recipe_id, ingredient_id, amount) VALUES(131,16, 80, 17);
INSERT INTO ingredient_list(id,recipe_id, ingredient_id, amount) VALUES(132,16, 81, 13);
INSERT INTO ingredient_list(id,recipe_id, ingredient_id, amount) VALUES(133,16, 82, 15);
INSERT INTO ingredient_list(id,recipe_id, ingredient_id, amount) VALUES(134,16, 64, 14);
INSERT INTO ingredient_list(id,recipe_id, ingredient_id, amount) VALUES(135,16, 83, 4);
INSERT INTO ingredient_list(id,recipe_id, ingredient_id, amount) VALUES(136,16, 25, 10);
INSERT INTO ingredient_list(id,recipe_id, ingredient_id, amount) VALUES(137,16, 84, 11);
INSERT INTO ingredient_list(id,recipe_id, ingredient_id, amount) VALUES(138,16, 48, 16);
INSERT INTO ingredient_list(id,recipe_id, ingredient_id, amount) VALUES(139,16, 15, 10);
INSERT INTO ingredient_list(id,recipe_id, ingredient_id, amount) VALUES(140,16, 85, 11);
INSERT INTO ingredient_list(id,recipe_id, ingredient_id, amount) VALUES(141,16, 86, 14);
